{"cameraMode":{"drawMode":0,"name":"Shaded","section":"Shading Mode"},"sceneLighting":false,"audioPlay":false,"sceneViewState":{"m_AlwaysRefresh":false,"showFog":true,"showSkybox":false,"showFlares":true,"showImageEffects":true,"showParticleSystems":true,"showVisualEffectGraphs":true,"m_FxEnabled":true},"in2DMode":false,"pivot":{"x":-2.6497063636779787,"y":0.5953758955001831,"z":-1.4185048341751099},"rotation":{"x":-0.24529123306274415,"y":-0.005228793248534203,"z":0.0013739131391048432,"w":-0.969498336315155},"size":2.0704691410064699,"orthographic":false}